<?xml version="1.0" encoding="utf-8" ?>
<services version="1.0">

  <container id="container" version="1.0">
    <document-api />
    <search />
    <nodes>
      <node hostalias="node1" />
    </nodes>
  </container>

  <content id="forum" version="1.0">
    <redundancy>1</redundancy>
    <documents>
      <document type="post" mode="index" />
      <document type="comment" mode="index" />
    </documents>
    <nodes>
      <node hostalias="node1" distribution-key="0" />
    </nodes>
  </content>

</services>